{"cameraMode":{"drawMode":0,"name":"Shaded","section":"Shading Mode"},"sceneLighting":true,"audioPlay":false,"sceneViewState":{"showFog":true,"showMaterialUpdate":false,"showSkybox":true,"showFlares":true,"showImageEffects":true,"showParticleSystems":true},"in2DMode":false,"pivot":{"x":-3.7854390144348146,"y":4.214034080505371,"z":4.05702018737793},"rotation":{"x":0.004247397184371948,"y":0.9933732748031616,"z":-0.10801457613706589,"w":0.0390605702996254},"size":8.683412551879883,"orthographic":false}